Win	WinChr	Chr	Start	End	nLoci	nHaps	p-val	t-stat
0	0	Global	0	0	7	7	0.000000	-1.000000
1	1	1	1	1	1	1	0.237624	0.376814
2	2	1	2	2	1	1	0.207921	0.136814
3	3	1	3	3	1	1	0.148515	0.136814
4	4	1	5	5	1	1	0.257426	0.376814
5	5	1	6	6	1	1	0.000000	-1.000000
6	1	2	1	1	1	1	0.000000	-1.000000
7	2	2	2	2	1	1	0.534653	0.613783
