Win	WinChr	Chr	Start	End	nLoci	nHaps	p-val	t-stat
0	0	Global	0	0	8	8	null	-1.000000
1	1	1	1	1	1	1	null	0.376814
2	2	1	2	2	1	1	null	0.136814
3	3	1	3	3	1	1	null	0.136814
4	4	1	4	4	1	1	null	0.136814
5	5	1	5	5	1	1	null	0.376814
6	6	1	6	6	1	1	null	0.376814
7	1	2	1	1	1	1	null	0.376814
8	2	2	2	2	1	1	null	0.613783
